Store,Store_name,Store_Phone_Num
Walmart,Tempe Walmart,(480) 967-2237
Walmart,Tempe Walmart Supercenter,(480) 966-0264
Walmart,Mesa Walmart Supercenter,(480) 962-0038
Walmart,Phoenix Walmart Supercenter,(602) 685-0555
Walmart,Tempe Walmart Supercenter,(480) 345-8686
Walmart,Phoenix Walmart Neighborhood Market,(602) 232-2115
Walmart,Scottsdale Walmart Supercenter,(480) 941-0333
Walmart,Mesa Walmart Supercenter,(480) 668-9501
Walmart,Mesa Walmart Neighborhood Market,(480) 964-2347
Walmart,Chandler Walmart Supercenter,(480) 786-0062
Walmart,Mesa Walmart Supercenter,(480) 892-9009
Walmart,Chandler Walmart,(480) 333-2654
Walmart,Chandler Walmart Neighborhood Market,(480) 477-0212
Walmart,Mesa Walmart Neighborhood Market,(480) 733-1679
Walmart,Mesa Walmart Neighborhood Market,(480) 892-6085
Walmart,Chandler Walmart Neighborhood Market,(480) 448-4322
Walmart,Chandler Walmart Supercenter,(480) 726-0841
Walmart,Phoenix Walmart Supercenter,(602) 246-1700
Walmart,Mesa Walmart Supercenter,(480) 892-3814
Walmart,Phoenix Walmart Supercenter,(602) 243-8506
Walmart,Mesa Walmart Supercenter,(480) 641-6728
Walmart,Phoenix Walmart Supercenter,(602) 404-3712
Walmart,Phoenix Walmart Neighborhood Market,(480) 754-8043
Walmart,Mesa Walmart Neighborhood Market,(480) 832-9484
Walmart,Chandler Walmart Supercenter,(480) 812-2930
Walmart,Phoenix Walmart Supercenter,(602) 973-0774
Walmart,Mesa Walmart Supercenter,(480) 830-3919
Walmart,Scottsdale Walmart Supercenter,(480) 348-5505
Walmart,Gilbert Walmart Supercenter,(480) 224-6900
Walmart,Phoenix Walmart Supercenter,(623) 845-8713
Walmart,Phoenix Walmart Supercenter,(602) 482-7575
Walmart,Gilbert Walmart Supercenter,(480) 988-0012
Walmart,Glendale Walmart Supercenter,(623) 934-6920
Walmart,Phoenix Walmart Supercenter,(623) 907-0007
Walmart,Glendale Walmart Neighborhood Market,(623) 939-4237
Walmart,Phoenix Walmart Supercenter,(623) 849-1030
Walmart,Mesa Walmart Neighborhood Market,(480) 357-4137
Walmart,Phoenix Walmart Supercenter,(602) 942-4138
Walmart,Glendale Walmart Neighborhood Market,(623) 915-2632
Walmart,Glendale Walmart Neighborhood Market,(623) 773-2947
Walmart,Mesa Walmart Supercenter,(480) 358-1122
Walmart,Glendale Walmart Supercenter,(623) 872-0058
Walmart,Peoria Walmart Supercenter,(623) 878-9907
Walmart,Glendale Walmart Neighborhood Market,(623) 869-0779
Walmart,Glendale Walmart Supercenter,(602) 978-8205
Walmart,Peoria Walmart Neighborhood Market,(602) 627-9848
Walmart,Apache Junction Walmart Supercenter,(480) 380-3800
Walmart,Queen Creek Walmart Supercenter,(480) 457-1158
Walmart,Phoenix Walmart Supercenter,(623) 780-5702
Walmart,Glendale Walmart Supercenter,(623) 825-1129
Walmart,Avondale Walmart Supercenter,(623) 935-4010
Walmart,Goodyear Walmart Neighborhood Market,(623) 935-7007
Walmart,Glendale Walmart Neighborhood Market,(623) 566-9754
Walmart,Cave Creek Walmart Supercenter,(480) 296-7398
Walmart,Peoria Walmart Supercenter,(623) 537-0809
Walmart,El Mirage Walmart Supercenter,(623) 583-1321
Walmart,Goodyear Walmart Supercenter,(623) 925-9575
Walmart,San Tan Valley Walmart Supercenter,(480) 677-2149
Walmart,Maricopa Walmart Supercenter,(520) 568-0846
Walmart,Surprise Walmart Supercenter,(623) 544-2200
Walmart,Surprise Walmart Neighborhood Market,(623) 584-0189
Walmart,Surprise Walmart Supercenter,(623) 282-3208
Walmart,Anthem Walmart Supercenter,(623) 551-6314
Walmart,Buckeye Walmart Supercenter,(623) 474-6728
Walmart,Coolidge Walmart Supercenter,(520) 723-0945
Walmart,Casa Grande Walmart Supercenter,(520) 421-1200
Safeway,"Safeway@BroadwayRd,Tempe",480-829-6824
Safeway,"Safeway@W. Main St, Mesa",480-644-9448
Safeway,Safeway@NorthScottsdaleRoad, 480-947-6977
Safeway,"Safeway@BroadwayRd,Tempe",480-820-8166
Safeway,"Safeway@Guadalupe, Tempe", 480-456-4373
Safeway,"Safeway@E. Elliot Rd, Tempe",480-755-1844
Safeway,"Safeway@Indian School Rd, Phoenix", 602-840-2161
Safeway,"Safeway@Guadalupe, Mesa",480-838-7452
Safeway,"Safeway@Chaparral, Scottsdale",480-994-5653
Safeway,"Safeway@Elliot Rd, Phoenix",480-496-0076
Safeway,"Safeway@16Th St, Phoenix", 602-268-0022
Safeway,"Safeway@Ray Road, Chandler",480-491-1026
Safeway,"Safeway@Camelback Rd, Phoenix",602-955-6455
Safeway,"Safeway@Hayden Road, Scottsdale",480-991-9707
Safeway,"Safeway@Mcdowell, Phoenix",602-252-4538
Safeway,"Safeway@Chandler Blvd, Chandler",480-726-7776
Safeway,"Safeway@University Dr, Mesa",480-833-9338
Safeway,"Safeway@Chandler Blvd, Phoenix",480-759-9611
Safeway,"Safeway@WRay Rd, Chandler",480-855-5005
Safeway,"Safeway@Osborn Rd, Phoenix", 602-274-7422
